{"cameraMode":{"drawMode":0,"name":"Shaded","section":"Shading Mode"},"sceneLighting":false,"audioPlay":false,"sceneViewState":{"m_AlwaysRefresh":false,"showFog":true,"showSkybox":false,"showFlares":true,"showImageEffects":true,"showParticleSystems":true,"showVisualEffectGraphs":true,"m_FxEnabled":true},"in2DMode":false,"pivot":{"x":0.0037331143394112589,"y":-0.23151692748069764,"z":-1.2594294548034669},"rotation":{"x":0.1154237762093544,"y":-0.24850285053253175,"z":0.0424259714782238,"w":0.9584163427352905},"size":2.148468494415283,"orthographic":false}