{"cameraMode":{"drawMode":0,"name":"Shaded","section":"Shading Mode"},"sceneLighting":false,"audioPlay":false,"sceneViewState":{"m_AlwaysRefresh":false,"showFog":true,"showSkybox":false,"showFlares":true,"showImageEffects":true,"showParticleSystems":true,"showVisualEffectGraphs":true,"m_FxEnabled":true},"in2DMode":false,"pivot":{"x":-0.017850875854492189,"y":0.5465186834335327,"z":0.5761535167694092},"rotation":{"x":-0.24179817736148835,"y":-0.21094544231891633,"z":0.04669736698269844,"w":-0.9448819756507874},"size":1.7574574947357178,"orthographic":false}