{"cameraMode":{"drawMode":0,"name":"Shaded","section":"Shading Mode"},"sceneLighting":false,"audioPlay":false,"sceneViewState":{"m_AlwaysRefresh":false,"showFog":true,"showSkybox":false,"showFlares":true,"showImageEffects":true,"showParticleSystems":true,"showVisualEffectGraphs":true,"m_FxEnabled":true},"in2DMode":false,"pivot":{"x":20.49092674255371,"y":1.2705655097961426,"z":19.64057731628418},"rotation":{"x":-0.0003860339929815382,"y":0.991683840751648,"z":-0.12864123284816743,"w":-0.00297600869089365},"size":0.8660253882408142,"orthographic":false}