{"cameraMode":{"drawMode":0,"name":"Shaded","section":"Shading Mode"},"sceneLighting":false,"audioPlay":false,"sceneViewState":{"m_AlwaysRefresh":false,"showFog":true,"showSkybox":false,"showFlares":true,"showImageEffects":true,"showParticleSystems":true,"showVisualEffectGraphs":true,"m_FxEnabled":true},"in2DMode":false,"pivot":{"x":0.8391228914260864,"y":3.7559430599212648,"z":-7.905604362487793},"rotation":{"x":-0.0035524277482181789,"y":0.9962968826293945,"z":0.06585165858268738,"w":0.05385366454720497},"size":6.7148308753967289,"orthographic":false}